id_operacao,data_operacao,id_trem,id_sb,tempo_transit,tempo_parado,capacidade_bruta,carga_transportada,km_percorrido,anomalias,saturacao,eficiencia_operacional
1,2024-01-01,7,3,"18,961359884053472","5,274340297091428","864,107451328644","680,1352198203291","136,75803755096138",3,"78,70956543362277","56,428341879455"
2,2024-01-02,4,10,"17,876191277645177","3,0204138726817904","1442,11950282357","650,7343240331628","91,12409998397088",1,"45,12346742132466","43,607131076286365"
3,2024-01-03,5,3,"11,434910410625276","5,068667549958286","895,773041643273","594,1110563009602","61,91290534834799",2,"66,32383747685445","37,51483799223303"
4,2024-01-04,7,3,"16,26306601687246","2,080539006919416","1465,1661476745617","1072,7872245892731","62,84873743946458",2,"73,21949297640731","34,26193344108151"
5,2024-01-05,3,4,"16,318143111270235","4,367980712983723","1112,204041070569","1135,8281538382112","184,12863119961773",2,"102,12408082467516","89,01069758836672"
6,2024-01-06,5,7,"6,546858032538989","4,7281260278611015","929,5930501870338","528,4275303430778","78,78009870781143",1,"56,84503883035252","69,87158321979565"
7,2024-01-07,5,4,"18,538293600193494","1,3627647577569884","1179,3306631648506","1342,5910216193208","98,50573431732812",0,"113,84347609654657","49,49773652514064"
8,2024-01-08,7,9,"12,578785586717856","3,356229947357444","1411,062085113486","546,7741552863251","83,9984603340482",3,"38,74912103830997","52,71313363606494"
9,2024-01-09,2,1,"17,396861991616124","1,94090273857282","1312,557420486693","987,1667017709634","103,2494458747906",0,"75,20941075514429","53,39264765880817"
10,2024-01-10,3,8,"9,800744015459175","1,4436247933093742","1364,5928035030147","1138,1544675058249","60,41357641191401",0,"83,40616076708706","53,72785030388052"
11,2024-01-11,7,7,"18,432848427443005","7,929721626729616","1261,148356697502","1283,872211371477","127,85896863624056",3,"101,80183834465603","48,50019113216288"
12,2024-01-12,3,2,"10,838025181012448","3,256476914823061","1284,5935951624967","1142,6782389191849","60,14188453883224",3,"88,95250943350997","42,6704569837925"
13,2024-01-13,3,8,"5,162564772204475","6,669121120982444","1394,4369560957234","1221,5552747628126","170,05347617335423",1,"87,60204392337955","143,72717270264647"
14,2024-01-14,5,1,"18,580729646288955","2,782484583346347","974,7676062014302","805,5051732885254","85,05681228656496",1,"82,63561162311258","39,814613743175954"
15,2024-01-15,4,11,"6,369300151792004","5,7705190555675046","1142,5974745501985","1233,3426023718612","131,0017871906766",1,"107,94200318510124","107,91082219021806"
16,2024-01-16,3,9,"9,789704563856224","6,321595019227805","954,8466092737216","572,1033617462076","182,01186313421877",1,"59,91573475674409","112,97155899535326"
17,2024-01-17,6,9,"19,250929505762077","5,16947118425491","1491,367605597653","1305,3349904544748","147,63160535707914",1,"87,52603888907544","60,45421089975427"
18,2024-01-18,5,2,"19,25910720406334","4,301033319851109","1460,841537780629","992,8331385383626","129,94366798270028",3,"67,9630961238079","55,15402926005575"
19,2024-01-19,2,7,"13,601568321849292","3,88288639903088","827,5987679579541","1235,5679929662442","98,65006296730634",0,"149,29553315007072","56,42158393964502"
20,2024-01-20,4,10,"14,47755818254699","3,442077865800967","1293,9026207609818","907,0864560664702","99,95028695872968",1,"70,10469269572901","55,776962595143935"
21,2024-01-21,6,3,"11,726682829674797","7,506704009734781","1447,673822190966","1079,2199256768724","150,42304327972852",1,"74,54855569906893","78,20933699077317"
22,2024-01-22,6,7,"9,398161575470969","6,814335854514104","926,4027415891336","973,762394842502","199,12090418317516",0,"105,11220996303707","122,81938982139808"
23,2024-01-23,2,10,"9,92996818054874","7,755188374665588","1197,5616613868406","1158,4305695797989","149,2758784774068",1,"96,73243616017852","84,40743965786042"
24,2024-01-24,4,9,"15,087776841155575","1,8700805643988128","1440,8418083116294","573,4669838275306","133,66751260550373",0,"39,80082896813746","78,82334979519416"
25,2024-01-25,5,4,"16,2856179415652","6,11607232642551","823,7621850100592","554,3168755915074","159,5975765358869",0,"67,29088633568904","71,2435421732138"
26,2024-01-26,1,1,"16,873685655887726","7,568383197747265","1288,1941870727878","722,3929106091318","119,78084184255772",3,"56,0779514345312","49,0060160454642"
27,2024-01-27,4,2,"16,84427214191831","2,268631463159621","1008,1443051607856","643,5902121018695","59,021351390117786",2,"63,83909613011458","30,880368890908308"
28,2024-01-28,2,1,"6,368091545730356","1,4654738715674425","1447,077336763571","1284,6052099329816","134,3445223816865",3,"88,77239504047772","171,4985644787388"
29,2024-01-29,6,5,"12,416304570538722","6,187844545030414","1479,7407716157577","697,2925886222399","193,64379267580705",2,"47,122617825881264","104,086347337301"
30,2024-01-30,5,5,"5,863381400249664","5,021311792259383","1460,9865423794038","1378,278730237218","76,29544135364895",2,"94,338906639928","70,09425070993845"
31,2024-01-31,4,11,"13,242933234856032","6,892801437307904","1131,9499516602243","803,2062125939962","153,50073362309985",2,"70,95774962629207","76,23299379053822"
32,2024-02-01,1,7,"11,622957520600655","1,9784066363840265","1403,4298556925194","663,9061241198293","80,14005329885848",1,"47,30597125513098","58,920599708893405"
33,2024-02-02,1,9,"18,315562741374496","6,566871183019232","1391,1845789745494","1210,7286564282313","130,3741526709622",3,"87,0286139399753","52,39606103932971"
34,2024-02-03,3,9,"10,26372518828118","2,411391240334212","1023,3703312702788","1092,8369979507884","64,50146744700794",2,"106,78802820033708","50,88826426981703"
35,2024-02-04,3,3,"6,756005246414087","2,1455916000599315","1380,240831905474","948,3761448078252","117,55564043872778",0,"68,7109178981871","132,0612946937631"
36,2024-02-05,7,3,"7,144875230792538","2,149860585516951","825,9053443008448","999,827195843868","163,4244993342869",1,"121,05832741526254","175,82479218777326"
37,2024-02-06,2,3,"16,42265947576208","6,702023041619674","1217,3889149374372","1147,2816004450374","102,13572863584731",3,"94,24117357796028","44,1674079456341"
38,2024-02-07,4,4,"14,273270949743916","5,656380544873401","961,006186101392","705,6092671981688","149,7367586730827",2,"73,42400885687145","75,13265282813612"
39,2024-02-08,4,8,"6,516840141841854","4,661457973383835","884,3968200440952","1396,7005244510678","169,31749411845936",0,"157,92690484588465","151,4698323243286"
40,2024-02-09,7,6,"6,261602091724962","3,511813388864517","853,8672411404464","1377,3138459321049","189,0766729219179",3,"161,30304332703176","193,4601811387577"
41,2024-02-10,6,8,"15,5145369718868","7,140403785691758","1287,4021431146978","1085,2931177122432","85,19631227831803",3,"84,30101841267106","37,60606270833794"
42,2024-02-11,6,1,"6,091445095462903","3,747115751958448","1037,9124746376465","679,5882058362306","109,89738737139622",1,"65,47644646755855","111,70067357991684"
43,2024-02-12,7,8,"17,32790088935534","6,716196076301039","1307,3367400701331","1112,2054181881622","72,86240199956262",3,"85,07413462031955","30,303655031684634"
44,2024-02-13,6,4,"15,593633407347443","4,073944359991529","845,7494385592597","564,9785680812582","198,8725253237563",1,"66,8021215649523","101,11693858611028"
45,2024-02-14,3,11,"6,2202317096284965","3,638611005974353","1020,7032364814272","527,5872519852254","189,0501451886443",2,"51,68860381044019","191,7569339953551"
46,2024-02-15,4,1,"6,272565711277879","4,238758499687245","1177,643904662736","731,9145996600923","130,99356954208395",1,"62,15075684272355","124,62137682465836"
47,2024-02-16,7,8,"19,79959367751763","3,1096451191489947","1353,5062153872746","916,3606610653846","176,30499415646318",0,"67,70273018681256","76,9580323996257"
48,2024-02-17,4,4,"10,614061936341804","6,233265661233758","1023,126752052449","1281,4452548675424","128,14369659080631",1,"125,24794726527207","76,0617349242066"
49,2024-02-18,1,6,"10,559632206003364","4,519042730647354","1238,1239635059064","1154,4521627896772","143,53785320041396",0,"93,24204981225776","95,19261725811609"
50,2024-02-19,3,8,"17,191993508862538","2,6254888660277214","1420,1844237653308","1168,435869079983","63,36866481740249",1,"82,27353078427042","31,97614289173974"
51,2024-02-20,5,4,"19,20872866075788","7,297022012921979","1231,1042317276133","882,9440010032679","163,29056307452117",3,"71,71967882558809","61,60571156230948"
52,2024-02-21,3,3,"19,790015957343066","3,68723854961248","963,0716323275436","811,3414932922667","69,15702254528523",2,"84,24518655288634","29,457031496079008"
53,2024-02-22,7,9,"16,300672778884124","4,80487002779792","817,0805470895766","833,9348866861424","173,91014453787926",0,"102,06275129870616","82,40022354829891"
54,2024-02-23,5,3,"10,643893782963737","7,345304776751829","1409,0692117306507","1388,884607362452","167,30421315055787",1,"98,56752214865249","93,00259408176947"
55,2024-02-24,1,9,"6,252510750480031","5,369665971397945","814,888587595271","536,0982722712342","156,31170466144647",1,"65,78792247578966","134,49434508012607"
56,2024-02-25,7,2,"16,65720373891155","1,8182862849585484","1412,2911708789395","1280,3283465102036","55,42405707871432",1,"90,65611772630363","29,998693949176523"
57,2024-02-26,2,2,"13,376063746037076","7,578824865294326","1170,2559938190484","1020,807867715154","95,4692533917993",3,"87,2294500610776","45,55941821622192"
58,2024-02-27,4,2,"11,363330138704644","5,393956371499925","1457,3473889590273","894,7538772706314","89,46688548662644",3,"61,39605999567115","53,38984055213498"
59,2024-02-28,1,6,"18,59531577642104","3,344339302599603","1359,1482650415658","1152,7318943736227","104,02046112072787",0,"84,81281432076652","47,41207678337449"
60,2024-02-29,4,3,"6,66796223459227","1,9749045086437107","1498,5538773733365","938,0020472822324","63,14641201457578",0,"62,59381537394982","73,06188315814886"
61,2024-03-01,6,9,"12,389376564362887","6,558176324892072","1045,4982708161972","1286,0809142734945","190,54367345465943",3,"123,01129042226728","100,56373747488816"
62,2024-03-02,2,4,"5,170304671511286","5,340509291499595","1337,0318022517888","1310,6316776101326","133,07033610685644",0,"98,02546771159864","126,6032645760364"
63,2024-03-03,2,1,"12,029909629911897","4,7342276438342505","1081,3516395264696","879,5488341861098","95,82864659870351",2,"81,33791100286948","57,162885887828025"
64,2024-03-04,1,4,"5,8445491352275605","7,257248081356703","1135,9129342127362","749,1450175115465","109,5472275611425",2,"65,95091885548025","83,61236687626149"
65,2024-03-05,2,1,"6,782268744021079","6,520180478571716","1239,253824252859","1033,115295734026","117,08038107572534",3,"83,36591548199473","88,01415372206554"
66,2024-03-06,5,5,"6,762893701656573","2,061724158129258","1411,573979930437","1321,1270110550215","140,08915000409257",0,"93,59247406360718","158,74812057583244"
67,2024-03-07,2,4,"14,738154531740951","3,182054474568837","1488,8584284395065","689,5959701050999","127,35191415447468",1,"46,31709482464865","71,06608751585065"
68,2024-03-08,4,8,"16,19067318898135","2,73942397870126","1337,7913897051626","1060,6699252071344","187,90879598216264",2,"79,28515113562636","99,26457023314164"
69,2024-03-09,4,8,"13,750531476457397","6,207624048008739","1092,4367475171337","1068,4041980832685","124,54452243587454",3,"97,8000969403047","62,40282188561912"
70,2024-03-10,7,7,"19,43258822711813","1,2347270431504556","1094,949901593949","1159,801720173753","198,8237022234969",0,"105,9228114898588","96,20199799705917"
71,2024-03-11,4,3,"10,623058692855562","4,989227794099216","1316,307611112224","618,4109166145338","177,71374366176437",3,"46,98072938224544","113,82941493563892"
72,2024-03-12,7,1,"9,28568129422791","6,337210800184834","967,1440020378116","1144,24246821388","81,27657715360037",1,"118,31148885821705","52,0240277295825"
73,2024-03-13,4,1,"18,028986922841906","7,137359457332246","877,3318791919762","1318,129268599077","189,58928219658745",2,"150,24294680971536","75,33444836710362"
74,2024-03-14,5,11,"8,35393757779179","3,3945722410113524","1048,2355103485436","661,7147979832177","67,45495968282141",3,"63,126538974356464","57,41575801797581"
75,2024-03-15,7,3,"19,44833809160917","6,74880113270409","1001,0672941578572","713,7889924314899","172,61745627367873",3,"71,30279818320918","65,89172000638699"
76,2024-03-16,3,6,"5,182317120347245","1,7744221586864506","1007,415684319193","1374,2555846374755","107,093494021487",3,"136,4139556320479","153,94208367740137"
77,2024-03-17,6,7,"19,548182400614586","6,925166042141627","963,525425734937","662,8792574385408","181,69614806676043",1,"68,79727713806038","68,63361031176136"
78,2024-03-18,1,6,"5,647398679258641","1,892420636323877","829,4652327454534","1268,946584032621","180,2085035161176",3,"152,98369768103782","239,0090477946617"
79,2024-03-19,4,6,"18,367146705471065","3,781011033922571","812,5117543133897","943,0500708032314","170,88881001764315",1,"116,06602191252637","77,15712161183194"
80,2024-03-20,2,6,"12,915516636294498","6,581067560456876","1491,405672815222","722,5079669628593","168,5045654460592",1,"48,44476456892052","86,42773715927959"
81,2024-03-21,4,3,"19,894471941789504","2,0494219914414167","1099,4411936151037","1283,6749111452602","95,70187086470612",1,"116,75703244521634","43,61207320628687"
82,2024-03-22,2,6,"6,106948471030983","2,6047597666284905","1069,0286530117771","900,7747295023988","62,13789245768783",2,"84,26104641485932","71,32687500836468"
83,2024-03-23,6,8,"13,307814266019813","6,055767978751464","1275,753097885149","963,3356185367212","110,44702681477422",2,"75,51113300321741","57,03853007084889"
84,2024-03-24,6,11,"19,539538034286487","6,04025575582252","952,777721505545","823,3100324597891","76,0286772479763",3,"86,41155369993584","29,72216190318722"
85,2024-03-25,6,11,"12,846467662552232","5,488033430197081","1464,9728287651578","1033,6557662914347","154,24266333536926",3,"70,5580162304249","84,12700326837205"
86,2024-03-26,2,2,"14,440979572028938","5,8576391112697","1350,4415100908864","647,1714853265205","101,91495898066783",2,"47,92295560308754","50,207829690658585"
87,2024-03-27,4,5,"15,436230334769258","4,799071103433173","862,5877016185816","851,9733829865846","196,34153012898724",0,"98,76947948456952","97,02920943807246"
88,2024-03-28,6,1,"11,818115971516598","2,7625934123486693","1092,3065430494498","1372,4710901017588","146,1458116017998",2,"125,64889396983368","100,23230540725402"
89,2024-03-29,5,1,"14,41337120126095","3,4198719545274363","1415,3828152935153","732,3200894310148","173,37208454515414",1,"51,74007212170015","97,21848293695268"
90,2024-03-30,7,5,"13,764714678846504","2,27118401760998","1461,3124156039871","1091,0629980871631","69,87870091127726",2,"74,66322645566567","43,57641703406286"
91,2024-03-31,2,3,"18,51737015736484","7,359153929335398","1127,181057874909","792,6710578022254","179,30217234089338",1,"70,32331250284317","69,29144414455934"
92,2024-04-01,2,4,"5,681695705121868","5,083742563362844","1229,3879724474957","1196,1258131179409","188,4135785770092",3,"97,29441314906182","175,0170999805745"
93,2024-04-02,4,3,"9,214447843883455","3,8059599173454792","916,9237622644526","617,7862946465149","123,0592878228404",0,"67,37597170792236","94,512622092586"
94,2024-04-03,2,1,"19,25617226114838","4,2340406255089285","1493,8180382958835","1372,8389405706905","140,9379406626466",3,"91,90134978801008","59,998579554253794"
95,2024-04-04,2,1,"18,353956758363744","7,630983377282707","962,1701909684105","908,4105872452752","164,72147013544932",1,"94,41267207945543","63,39112935245229"
96,2024-04-05,6,5,"11,834851291785691","2,0734598218125613","1459,912241894588","712,4454170118175","76,22579408906188",1,"48,80056462073692","54,80593112023169"
97,2024-04-06,4,6,"14,301988967023052","5,103608824117581","1254,752654294658","566,1470725970114","125,38491146951635",1,"45,1202131877747","64,61275391720176"
98,2024-04-07,6,3,"9,16071774471699","4,541220752191261","1225,4157564152017","652,7821145787866","109,79945416584695",0,"53,270256332301294","80,13424829678112"
99,2024-04-08,7,9,"7,82181739585642","5,280179648042535","1158,881957711556","967,796553700416","71,95609882433737",2,"83,51122797800076","54,91994738149043"
100,2024-04-09,7,5,"11,955476074099732","1,1267712867458837","961,468868202431","803,3028587881577","105,13016334372972",3,"83,54954438514669","80,36093527659324"
101,2024-04-10,6,8,"10,300283420390793","7,104867362609061","923,5696224038558","1245,9950292943486","60,22584640782404",3,"134,91078518274432","34,60231236068835"
102,2024-04-11,7,1,"13,754841677763082","7,524827977385287","954,3403463491228","887,7987712956253","53,87178604242305",2,"93,02747962945762","25,31608192958456"
103,2024-04-12,4,5,"6,166019554474772","4,955932285124463","930,506783500978","723,8428453288669","70,27494337322341",3,"77,79017393139789","63,18580082590582"
104,2024-04-13,1,3,"19,615922114992497","5,876555767138246","1345,7091314967274","1055,4304879436272","194,46726673837608",0,"78,42931754277048","76,28417591947398"
105,2024-04-14,6,1,"19,793161167194043","7,457495668241069","1045,0876814167111","1136,0994951969012","132,42943038425256",3,"108,70853378128191","48,59678472485452"
106,2024-04-15,5,4,"15,472425710296177","5,95067044019379","840,4898735943775","650,3377171108549","194,873324172983",1,"77,37603242376593","90,96412712899394"
107,2024-04-16,5,5,"13,041445495161806","2,0677733003998293","1478,371841098568","650,8572946594859","114,8746817495198",2,"44,02527676500104","76,02953091344767"
108,2024-04-17,2,7,"9,642914244294916","5,034018521167692","1418,650119474398","533,0042842401887","96,77241996278894",0,"37,57122893963903","65,93504345166137"
109,2024-04-18,7,1,"17,20692529560423","5,247005324679991","1449,4265982366492","1162,7618135590765","125,92127942603662",2,"80,22219372637946","56,07983811630871"
110,2024-04-19,5,3,"15,270967588308189","3,968914699116702","1496,4354758525046","1097,4240748596246","115,92675329493652",0,"73,3358766594619","60,25335891514564"
111,2024-04-20,2,2,"7,439254090173369","6,15510964937306","921,7266744536412","927,1677881748324","65,84970263926158",1,"100,59031748478112","48,43897360764501"
112,2024-04-21,1,9,"18,66390776740764","7,540569103383104","1077,369413231861","1259,7534040722774","146,12394720353092",2,"116,9286401303436","55,76297055042927"
113,2024-04-22,4,10,"17,338058643847535","7,478979590347434","1330,766932992864","1225,1031376550477","82,40572737643994",3,"92,05993230533758","33,20530298530729"
114,2024-04-23,4,6,"19,24699869937886","4,155875599828924","1287,214432637655","1026,818927957077","142,93819323467443",0,"79,77061955815734","61,07719565007152"
115,2024-04-24,4,10,"15,8857926258254","1,7926663208852869","907,7271344378984","1281,4441524619328","147,53016385972302",2,"141,17063419674628","83,4519367917943"
116,2024-04-25,5,3,"14,201227939036848","7,893888392736342","1371,0831874934324","685,2570890330915","72,80372796929721",3,"49,97924963880967","32,95014467274114"
117,2024-04-26,1,8,"11,273645544359283","6,8722866051215385","957,1084002856624","600,727657457955","59,20244406660022",2,"62,76485059358578","32,62573869388908"
118,2024-04-27,5,8,"18,9909272503102","1,872638768422868","956,6723303758362","742,7746503652907","167,11423791026596",2,"77,64148985823451","80,09859760321734"
119,2024-04-28,7,2,"17,990958342506126","7,445893178321606","1175,8820960253895","551,3781704803833","118,97006356539802",2,"46,89060003074305","46,77075048694024"
120,2024-04-29,5,6,"5,678280051592841","7,089274534434898","1215,0579543891922","978,0525752009288","58,72456932582137",0,"80,49431483229903","45,99515821932495"
121,2024-01-01,1,7,"5,39550461745878","4,6318663998825045","1206,060345486468","1342,9451230654654","199,22994757546508",3,"111,34974531674736","198,68612344244352"
122,2024-01-02,1,2,"10,646950503170745","5,1389280502145045","864,0407861784284","535,4091866016587","58,66708414945499",1,"61,96573068844625","37,16428195684679"
123,2024-01-03,7,11,"17,158299961727494","3,793018927090912","1414,2226038412664","609,8989226090241","154,25528432878298",0,"43,12609068419894","73,62557228371341"
124,2024-01-04,1,10,"19,809141939724167","1,383331471754219","985,9200298120944","906,9791254550918","197,55183878951203",0,"91,99317368853458","93,21792456868808"
125,2024-01-05,1,2,"7,256253366552922","3,3463806915213063","890,6604448979629","1340,4875157751144","85,87701563238883",0,"150,5048892037285","80,99592531630465"
126,2024-01-06,4,10,"13,911960730282027","6,6199741401860805","1422,123655908284","784,5404944790755","71,33740530307942",1,"55,16682682407136","34,744609192038126"
127,2024-01-07,7,1,"10,713362849465325","1,03242416103222","1468,9560487608271","956,5113278195532","68,20774091336433",3,"65,11504061856996","58,069962321303066"
128,2024-01-08,3,8,"19,54871596721905","3,3344942018380093","1403,4893320858157","537,4155731453529","95,49127213513933",3,"38,29138995639284","41,7298409749624"
129,2024-01-09,3,1,"17,631783847035628","3,787180855136603","1366,6612523074143","633,50888086588","65,156871651597",3,"46,354491999849245","30,42017789262664"
130,2024-01-10,1,9,"17,574930570667068","4,76176922056546","1258,6693864473152","1387,967110662962","153,82420125411977",2,"110,27257241717771","68,86612735624355"
131,2024-01-11,3,11,"12,030397396924554","7,438989314889323","1185,6001594263976","1368,606826792441","59,3437697195094",2,"115,43578295861428","30,480554214632782"
132,2024-01-12,3,6,"11,222292535064977","3,4244219605617285","860,8907319379871","504,4459828409687","126,41331922246846",2,"58,59581990218309","86,30831116440048"
133,2024-01-13,1,7,"9,101106078960594","3,4286724132735937","1085,9172491494892","1356,630606880915","199,50452807794653",1,"124,92946473991952","159,2243056823368"
134,2024-01-14,3,10,"5,845632449763906","6,162508736768238","1060,8819619086198","1075,2079440339503","172,0955404259028",2,"101,35038417465","143,31572035388655"
135,2024-01-15,5,7,"17,9708356438258","4,16552558622865","981,8276486322284","1281,12646506802","142,28291573465162",1,"130,48384478199827","64,27565680554339"
136,2024-01-16,2,10,"17,193515136951163","2,572233760579873","1306,3940795820097","909,2658700704732","95,93804311799175",3,"69,60119341335347","48,53751993681124"
137,2024-01-17,7,3,"19,99576509929196","4,167076612928854","1147,1130145551397","964,0364257213251","143,58437544374578",2,"84,04023086558624","59,42362953572853"
138,2024-01-18,2,2,"19,94955255610858","1,985999142658599","856,7323511353536","939,9619222312282","129,05621958674774",2,"109,71476926085232","58,83427112252707"
139,2024-01-19,1,9,"13,331475584039412","2,234708905543563","954,128241364868","1100,177831791494","113,91250758355572",0,"115,30712372769764","73,17946646449356"
140,2024-01-20,4,8,"16,534811227707657","4,488574409176358","1278,2811345617172","625,6861292806816","69,60655651102992",1,"48,94745861169342","33,10910892911094"
141,2024-01-21,7,10,"19,17148594823642","3,9324781465318353","853,2916016432101","526,9762308854101","182,99063228607",3,"61,75804729246083","79,20313221379489"
142,2024-01-22,1,7,"17,74471086016117","7,4039213074767005","1395,844839834138","777,1369474320718","117,46769732319838",0,"55,67502384608992","46,70937828354732"
143,2024-01-23,4,9,"8,710221526147965","3,536757293816432","1146,602568909782","1134,212686462982","79,19337677311476",0,"98,91942659272247","64,6636022951373"
144,2024-01-24,2,4,"11,758162029651402","5,064118451946304","1136,4106041286536","681,6681069106535","105,16390263159344",3,"59,98431415846605","62,51465296077708"
145,2024-01-25,1,4,"6,937391227272425","5,425850015436713","1214,6854492616624","1106,0891899924254","112,11946287933904",0,"91,05972172999633","90,68775790932516"
146,2024-01-26,7,1,"19,310765408880837","1,0916611961183356","1377,2766761476046","1372,9208414965433","174,13068433503116",1,"99,68373568459424","85,3480263432803"
147,2024-01-27,7,8,"14,0926195167632","5,644761604116974","1043,466445531535","584,5106442104766","160,04215708421032",1,"56,01623767717137","81,08581179237692"
148,2024-01-28,6,3,"8,42964208255194","2,24625176808826","1274,6113067913443","1105,3419064026136","165,39573404620097",2,"86,71992006607545","154,92448347665305"
149,2024-01-29,5,7,"15,075510266087852","7,727492222286186","1196,0123747970538","899,375197374114","51,65468966429708",0,"75,19781703987178","22,65258256698121"
150,2024-01-30,3,2,"14,271923606868436","2,040639094271791","986,919789118595","1281,3280289397549","112,42309972696422",2,"129,8310200147159","68,91811040769576"
151,2024-01-31,4,2,"10,372440770492608","3,902368866089166","1415,0409904486105","659,4348105026473","122,20162274529856",0,"46,60181683454885","85,6064815268253"
152,2024-02-01,6,7,"6,703363882994435","1,597447676550507","1358,1982151248496","1123,363357003548","52,878841523458505",1,"82,70982427261437","63,70321882883143"
153,2024-02-02,3,6,"15,073597933891994","7,978119762921631","1260,9162842608978","1254,303760683299","88,97198131175513",1,"99,47557790631004","38,59668180998654"
154,2024-02-03,3,3,"12,8046155135569","4,515365072318698","1395,4072103659694","1350,1527975266208","164,04347346832026",1,"96,75690275188704","94,71342802895364"
155,2024-02-04,1,9,"16,58477587603459","5,167695121240307","1407,1059406718616","1114,9232254606814","70,56645585934986",0,"79,2352013614789","32,44066196810021"
156,2024-02-05,3,10,"12,8024525166799","1,4695353417189922","1295,8540837005244","947,4572876075846","130,29651971788874",1,"73,11450413475293","91,29528486896156"
157,2024-02-06,5,6,"17,7827225047781","6,249723292794244","1385,9093298545704","1056,0625161810924","82,28028080258562",0,"76,19997163103807","34,23716482943123"
158,2024-02-07,7,10,"13,278602581617283","2,4693391516691","1288,2300231684983","1282,0144860308465","51,81811619658399",2,"99,5175134078645","32,904691339475924"
159,2024-02-08,6,10,"13,414069573030794","7,286380026084997","1276,0985402322103","1013,5487719749468","86,18021863993121",0,"79,42558823008389","41,63205162636292"
160,2024-02-09,3,6,"18,14980403987517","2,4359774833740504","1233,027964750629","527,3483537271532","196,38106323650808",2,"42,7685639582234","95,39645750865404"
161,2024-02-10,1,1,"11,052242993185956","2,334814044645666","1326,901647690349","1337,8538259562802","170,23056678244842",0,"100,82539488024564","127,1605598611998"
162,2024-02-11,5,4,"7,01022842675961","1,255847674936664","911,0235737051516","1120,574075928405","193,936496648155",2,"123,001655310741","234,61736168671067"
163,2024-02-12,2,10,"5,431740144700084","4,304468615769995","1416,6095314392498","1108,8620471995218","123,17810658895436",1,"78,27577201693242","126,51547395847656"
164,2024-02-13,7,6,"16,327058835104285","4,953887932838315","1410,2904694216622","694,1076371579454","66,46042980162552",2,"49,21735289344953","31,230015528134693"
165,2024-02-14,7,6,"14,30464327030197","1,4599604759984666","820,4730981241914","1092,9969232093915","132,19392334605396",1,"133,21544919732997","83,85489763869049"
166,2024-02-15,6,11,"15,561196521488354","6,428693316865074","1378,071725395334","854,4779650887426","118,15660018399412",1,"62,00533320162378","53,7322383388718"
167,2024-02-16,7,5,"8,194462422633661","4,173021843236193","890,2089072314117","1086,1096793373429","176,6535624109424",2,"122,0061572642753","142,83710301410895"
168,2024-02-17,3,1,"7,045572133801547","4,67073188529306","1034,5831979813993","595,9337272771917","64,7123871176367",0,"57,60133437696771","55,23276539442122"
169,2024-02-18,1,8,"5,218169985018229","4,085339228567597","1320,4557794041257","1092,0607741427325","123,23617055326672",0,"82,70332041225497","132,46202881521964"
170,2024-02-19,7,5,"10,258813382098957","3,8053414261272818","912,5319272338156","1399,4723531936","72,50729970409765",3,"153,36146730075086","51,55467974633467"
171,2024-02-20,7,5,"13,848765302819496","4,917482319157525","1372,5769168833435","543,3908349745004","98,701389033509",0,"39,58909903631169","52,5951650120616"
172,2024-02-21,2,7,"10,883660676495984","2,086681721514988","1382,4939245704195","1379,4567657991856","160,60356160816997",3,"99,78031304751104","123,82368690035418"
173,2024-02-22,2,4,"11,562123830355937","2,273496913466898","1155,2274136325857","866,2171646505835","121,40271940531498",0,"74,98239346024381","87,74649266063284"
174,2024-02-23,4,6,"18,562380417406224","7,032499347094621","804,4701102017835","1283,6781053035334","106,3832427718654",0,"159,56815412092203","41,564267443606056"
175,2024-02-24,5,4,"10,223832005349506","7,622808234935429","1000,926693222439","1204,1469356524462","109,1714417855053",1,"120,30320939645928","61,17198549174223"
176,2024-02-25,3,3,"12,709842337397165","3,613165213958271","1231,8488428630196","1010,314634888001","118,917015260898",3,"82,01612078799079","72,85239248144765"
177,2024-02-26,7,7,"16,754795191117147","2,8952127120048763","1486,8303246191963","1164,604288326194","167,75248157555853",0,"78,32798867782508","85,37018529590809"
178,2024-02-27,7,8,"10,948141734819052","5,507996802673111","1242,269468911668","1290,6640051712131","183,8127033410352",3,"103,8956552882156","111,69856337940584"
179,2024-02-28,1,4,"14,331300503418102","3,8611391976866742","981,8625067449118","863,7262894859297","193,30020297558923",1,"87,96815068836578","106,25304035711638"
180,2024-02-29,4,2,"17,93545563120118","1,177704489622414","1243,803992169728","794,3298454069148","168,03550793829424",1,"63,86294387279323","87,91613049650606"
181,2024-03-01,5,10,"19,242809354864637","2,0930681815633325","1177,9897658010989","1100,8340470072262","97,31103436220192",3,"93,45022163741784","45,609108036947255"
182,2024-03-02,4,3,"7,206102213935569","6,011805601931783","1345,8917766058005","1227,061347747133","153,22020591298133",1,"91,17087785777652","115,91865221593474"
183,2024-03-03,6,1,"18,89881437742242","5,61246759337106","874,8864471788709","1186,0566212989545","115,6404686083088",2,"135,56692129858362","47,17846612270248"
184,2024-03-04,5,8,"12,381744396193072","1,1896719475243844","1332,7195317514197","1218,032283972771","88,20059330690768",2,"91,39449486210124","64,98996941298459"
185,2024-03-05,7,3,"8,873665824484375","2,553805133530646","1178,8866050732772","892,0249833316398","176,1307369138884",1,"75,66673329672732","154,1292360846942"
186,2024-03-06,7,10,"11,88703634357392","2,6175235761165","1474,0944027012963","1236,0507945575196","55,76395234434875",2,"83,851535715246","38,44580783774581"
187,2024-03-07,5,7,"19,700488629282155","5,703249205191099","1039,3105162270804","608,1881498335476","185,26429882031357",0,"58,51842546935836","72,92796832791555"
188,2024-03-08,7,10,"12,389271409893045","1,1379737642805492","1242,8353251937638","990,0401881647646","119,22161969371012",3,"79,65980432769021","88,1344413874672"
189,2024-03-09,3,5,"9,931274154312623","1,7287600738920168","1452,4196738570122","505,18279444830944","145,58022152124207",0,"34,78215033446618","124,85402587335102"
190,2024-03-10,5,10,"14,501012814750888","6,599412597612326","871,7568095934755","792,1272469102432","148,9030883308674",3,"90,86562194789558","70,56876125522179"
191,2024-03-11,4,5,"8,602184281672896","2,2498126343803357","1456,059941065516","829,8153813842581","184,2676611059805",1,"56,99046845399892","169,80069431589635"
192,2024-03-12,5,7,"6,137949921629959","5,569222754963123","1281,5200056105691","856,5554224483299","145,50045232508108",0,"66,8390207486641","124,28316925399903"
193,2024-03-13,7,9,"6,933195828659739","2,6672794673270857","847,4859413736203","1125,920486020876","142,09003771400927",1,"132,85417858330064","148,00312831741314"
194,2024-03-14,3,5,"6,920687584366586","1,696089749315416","1010,6744968627712","849,7022911433112","59,997806084103495",1,"84,07279433495819","69,62905476224725"
195,2024-03-15,3,1,"7,278540402684415","2,7022053369961787","1295,720462051697","903,8242603602775","127,76120329178062",3,"69,75457182555603","128,0076725968868"
196,2024-03-16,6,10,"7,082407589741152","6,055868522989615","847,1454210281402","713,7897177868947","72,52535012255625",3,"84,25822769845135","55,20157248962093"
197,2024-03-17,4,10,"14,61312117204822","6,989875276744","1207,5193221233912","835,9266124664061","160,61506530822282",3,"69,22676905877174","74,34851257275585"
198,2024-03-18,2,1,"7,728201265987172","6,811539051968941","1042,1181398670697","704,5426645368364","126,83328812190118",0,"67,60679404608639","87,23215500985675"
199,2024-03-19,2,2,"10,185009249857949","3,780284707329184","1234,640862437234","565,8763313915993","152,034166881253",2,"45,83327416156753","108,8657119193755"
200,2024-03-20,5,6,"18,45182614859018","5,676595955994523","832,019423668759","1043,10373404324","56,25093509035764",3,"125,37011809696854","23,313142834843426"
201,2024-03-21,6,9,"12,109424603943086","2,4348900679107466","1410,0757643066634","1101,3915186995146","62,71880240687048",3,"78,10867661008774","43,122556010317865"
202,2024-03-22,1,8,"15,013366077815409","3,052034111827093","1481,442278424178","1057,5413114086532","157,44850820940235",0,"71,38592753904447","87,15473034451395"
203,2024-03-23,5,5,"7,584798068024448","7,274350729647838","1478,214498699984","917,1446394205152","60,812650399801",3,"62,044083604043806","40,92606597312453"
204,2024-03-24,6,1,"7,884335282130062","1,0910134645751524","1324,7562822200473","841,8072021613068","60,68850916478879",0,"63,54430724046789","67,61688139089537"
205,2024-03-25,4,7,"5,613029243997183","1,5985597159812766","891,0603680914423","1277,0002846146426","51,81627128523312",1,"143,31243205775644","71,8513930463778"
206,2024-03-26,4,5,"7,534025946082468","2,455203786022192","1330,7842371503157","967,1736066225964","193,475209744922",3,"72,67696592902696","193,68381239957543"
207,2024-03-27,4,6,"9,17885508547938","1,185725427116738","817,210841521161","931,263689866758","160,62625391885103",3,"113,95635526974878","154,976126360002"
208,2024-03-28,4,7,"7,655157264151202","2,270048045628581","815,486486070298","523,0778592257922","102,98771127530962",1,"64,14304444779","103,76380947387644"
209,2024-03-29,4,3,"6,330538006355834","5,081290926787846","1026,5271534046788","807,1230448635407","94,48033719314827",1,"78,62656552109301","82,79158209140914"
210,2024-03-30,6,10,"6,809538066509012","3,9499718541474858","1142,0502332832662","842,1760569072713","102,45548446187745",1,"73,74247054668601","95,2231888045195"
211,2024-03-31,6,3,"11,911681520490887","7,248701977538824","1339,285192465455","858,9405028072105","166,19802967717726",3,"64,13424919796277","86,74045052087169"
212,2024-04-01,3,5,"8,095005776086888","6,722104932169087","1278,3067636245537","1022,1551323045992","149,20559166056216",2,"79,9616462488508","100,69816889295836"
213,2024-04-02,2,6,"10,464047915721132","3,392721461885132","1112,1318944637237","980,2422920541906","77,7793351801202",2,"88,14083086133134","56,13092998849957"
214,2024-04-03,7,9,"12,551259062822854","2,8159640340190477","991,538666397166","1047,1145835141","76,11640030011264",2,"105,60501763575932","49,53165566767573"
215,2024-04-04,4,5,"15,35592242944048","3,657846857170868","1497,9871501103978","1188,3949353879154","64,7593474570096",3,"79,33278568513313","34,05918441569093"
216,2024-04-05,1,1,"5,589682097616484","5,132064597603654","1098,326911565181","1231,687164844484","149,04540795520072",1,"112,1421274371996","139,0122451052184"
217,2024-04-06,7,4,"16,99115598363564","2,876445485760134","1115,9709170307729","1146,310768603845","164,65589933326038",3,"102,71869554215591","82,87658658087025"
218,2024-04-07,6,5,"14,418505842363617","5,369042354943938","914,5366748341684","1359,9713263594413","89,7569642487506",1,"148,70604578061813","45,36032627880782"
219,2024-04-08,1,10,"6,226385479233079","3,865881565338683","1356,3666841249506","516,4093244087255","53,141744154636925",3,"38,07298796504155","52,655903693333016"
220,2024-04-09,1,10,"18,103679361601657","4,864330265963861","1285,577558047042","676,2001871151915","62,3257501214641",3,"52,59894145495405","27,135895156828305"
221,2024-04-10,1,5,"18,8130860079772","4,052885703947217","954,5387289521324","506,8065874803279","195,17900522675455",1,"53,09439754599449","85,35784426120424"
222,2024-04-11,3,7,"5,916169397822956","3,061260316793424","857,6667319310899","1082,7272427391426","94,31671662161304",2,"126,241021416479","105,0598218196614"
223,2024-04-12,6,4,"9,153164722208055","7,639173148735097","1276,349511452299","1308,2274940549885","165,38347217572004",1,"102,49759037917572","98,48746103536516"
224,2024-04-13,1,1,"17,09301919689592","6,345240559118325","1258,1578499967943","719,1340669186693","143,69953532813958",0,"57,15769821095989","61,30981430533311"
225,2024-04-14,4,5,"16,223895355754877","1,980792230365168","991,2816688987464","1334,331090316676","107,29094594793438",0,"134,60665441327453","58,93588969345298"
226,2024-04-15,5,7,"7,76781529034566","7,07927583128539","1465,6044935752873","554,2406512606047","80,85308932933327",1,"37,81652237627598","54,45719209706786"
227,2024-04-16,1,10,"8,140239850050655","4,412018387746596","905,74052424663","1340,9924241249628","68,20796272391097",3,"148,0548113092724","54,33919652682395"
228,2024-04-17,3,10,"10,55708154187073","7,26186558825864","1102,6343607298213","816,460418515671","142,25194520583",0,"74,04634279447495","79,83184649855191"
229,2024-04-18,7,6,"12,26784477786532","6,598986791631207","1460,5311441173192","591,2787456042948","166,1950670956682",0,"40,4838163147584","88,08848824641478"
230,2024-04-19,6,5,"14,27382157295444","3,976494531284634","1093,8091218482857","937,284583267693","146,5856380311696",3,"85,68995856277904","80,31950635480861"
231,2024-04-20,3,4,"10,533704593546586","1,1572851582408217","1246,96816336486","731,0989109484572","129,54531998737374",3,"58,63011842865625","110,8078295659851"
232,2024-04-21,1,2,"11,938020741997216","2,8807415156946226","1078,316078573956","756,3856117657306","56,29268351474544",2,"70,1450740460098","37,987439528241374"
233,2024-04-22,6,4,"16,21206407200635","4,791439502626068","991,950641644069","776,560968433658","195,2733166391576",3,"78,28625093145541","92,97178251489647"
234,2024-04-23,5,10,"5,550248043358969","5,434347538783031","1488,7843535718798","1222,723308049397","169,8071287481862",1,"82,12897355589806","154,586600369928"
235,2024-04-24,1,10,"8,786554165160311","2,805213798032416","1086,53380442053","985,245149007729","93,92330550514473",1,"90,67781830618512","81,02586749784747"
236,2024-04-25,3,3,"15,700243788268288","1,975492518509769","1425,8694425753945","780,1769292404033","196,9955494038276",2,"54,71587411476144","111,4496991722412"
237,2024-04-26,2,10,"18,428102565307988","6,844511657595094","960,9682241237604","1049,3004049798265","140,28223844544831",0,"109,19199809510977","55,50760883229832"
238,2024-04-27,4,1,"12,67516163173499","7,890815264924865","949,1732928175584","1144,535606800874","137,363398731087",0,"120,5823652500162","66,79157494988547"
239,2024-04-28,7,8,"12,981702278979736","4,679831276118801","821,7938580191579","745,3616006601803","162,2109769144298",3,"90,69933942519248","91,84421976063491"
240,2024-04-29,3,5,"6,607580170096641","2,2017550009381246","1256,1667777631196","872,1941913728164","171,76546821352065",1,"69,43299303982145","194,9811931078389"
241,2024-01-01,6,4,"11,71118550235182","2,9061512856355827","1057,9684406066328","609,6974840032528","148,4717910997254",0,"57,629080471781926","101,57239533657064"
242,2024-01-02,1,8,"12,989258996825347","1,1287347358322672","1405,0507748877458","663,0344145812123","69,21436195493001",2,"47,18935617356493","49,02563584146094"
243,2024-01-03,4,7,"8,637057554520945","7,400091645923493","1131,24693468409","1113,0060685684846","100,74012589917476",2,"98,38754337745902","62,81672923288818"
244,2024-01-04,1,2,"9,038648464240715","1,824257580230988","1477,7353995403053","663,2945129260643","189,21254604890743",1,"44,88587829271752","174,1822540619327"
245,2024-01-05,6,1,"10,65926244656934","5,035615328599775","929,8678609921848","972,6470453003542","83,69234177657779",2,"104,6005659624071","53,324621558370815"
246,2024-01-06,1,11,"5,301067966665896","2,918386544810442","1408,0362175689274","1138,1416355501894","105,825053575627",2,"80,83184376572858","128,74948505143468"
247,2024-01-07,2,4,"9,831187483747676","4,879246017610554","1343,617796954219","596,1892307852695","114,8115324416294",1,"44,37193613665593","78,04768801070936"
248,2024-01-08,4,8,"8,17172010494817","5,559942718463049","1339,6452912508364","1010,5809976660132","115,91074845416784",3,"75,43646099949535","84,41129813976403"
249,2024-01-09,4,2,"9,91246028266872","6,808192625950412","1391,3482596818212","730,9065053312274","141,94093737417882",3,"52,532247066480245","84,88959022707263"
250,2024-01-10,6,3,"6,796431977288768","2,4449489023242226","1332,7167936600993","1366,6341877138218","191,46137566170611",2,"102,5449813655138","207,17831908008552"
251,2024-01-11,7,1,"18,357909211098423","1,0769708006093637","1238,3542251419908","935,1910820479322","86,10390677487575",3,"75,51886714326044","44,303801578916776"
252,2024-01-12,2,1,"13,90388680331073","1,958199410481651","891,8714143776713","1225,3932947976425","68,2252064451377",3,"137,39573609416504","43,011496423348525"
253,2024-01-13,3,3,"15,186534787167345","7,300130492936736","822,7683256438763","995,2038879406356","79,6205734789906",2,"120,9579728487744","35,40790619115849"
254,2024-01-14,1,11,"16,837568579110076","7,117230542937607","1444,5934934709808","539,0712795693372","183,0387350313904",3,"37,31646875094874","76,41004798196116"
255,2024-01-15,5,5,"12,47663298393586","5,181891715192158","1231,6552201645163","1069,8362380346202","146,87162189828092",2,"86,86166554725587","83,1732120325621"
256,2024-01-16,1,3,"6,303804321311356","5,203618023035574","1357,5761036833233","1356,2630079859914","92,88601838587402",0,"99,90327645766826","80,71835342995357"
257,2024-01-17,1,1,"13,056598127278216","5,655256721823788","1137,065646058785","1041,450638131698","172,39204084529257",1,"91,59107407224018","92,12985149548967"
258,2024-01-18,3,1,"13,802616770313186","2,227598950364147","882,1157322736761","1237,2699734841112","179,2054994545154",1,"140,26163781197008","111,79231931567752"
259,2024-01-19,1,8,"16,18159211276495","7,400883621474718","887,6300545417853","1295,7858170135669","176,9771508035417",3,"145,9826433752833","75,04604384966525"
260,2024-01-20,2,10,"11,47489319344519","3,931393674244512","1279,89570106028","705,2717947540392","187,8389800459332",3,"55,10384902221206","121,92358980402472"
261,2024-01-21,2,11,"6,913704541933456","3,6819696977464815","1101,2141264296238","690,8403559174039","87,83615302600424",3,"62,73442551606734","82,89812525291217"
262,2024-01-22,4,2,"9,256638586980866","4,632423936979863","940,3673086902356","1049,8828899658924","163,25628931194174",1,"111,64604301570122","117,54305881358084"
263,2024-01-23,6,3,"10,446234445979528","1,328761767425385","1144,1161827190058","869,9256228260342","119,080924591121",0,"76,03472758847319","101,13032941408224"
264,2024-01-24,7,2,"14,68875861997402","2,163983581292556","844,9462559525939","1255,8751725800485","176,29978293350922",0,"148,63373424433635","104,61192655059978"
265,2024-01-25,5,3,"13,56167457003368","6,166235314984593","1207,3799813400792","1310,02081105821","159,27360157424198",1,"108,50112071629754","80,73516277322273"
266,2024-01-26,1,7,"10,341450888467694","1,5795906754758853","988,2953831045684","818,0792413724463","166,46711697495869",0,"82,77679480830761","139,64141982228773"
267,2024-01-27,1,1,"19,797728731894694","5,222064766264717","1358,2913704460316","713,1835030770338","148,42427565216073",1,"52,5059290366279","59,32274207741948"
268,2024-01-28,3,10,"14,086622290353308","2,7174437677692467","1017,2533712465016","1202,4729637194755","76,61431542045602",0,"118,20781308849467","45,59272449623768"
269,2024-01-29,6,8,"8,558401876039916","3,725069298293836","1118,6541043572608","747,3254319933225","131,75403783454075",2,"66,80576498869678","107,26124233501692"
270,2024-01-30,2,10,"6,526737089306057","3,020856157394899","808,1343779356705","1240,3528866623103","197,70046092867625",2,"153,48349488988646","207,06837400827584"
271,2024-01-31,5,10,"7,29288708776498","3,489709015254644","850,7128214561913","881,3644282838866","190,60820997456784",1,"103,60304982534858","176,77394956970403"
272,2024-02-01,4,10,"8,689365925767621","6,033321336289719","1074,7454894846794","1100,794909362323","56,47606036955175",0,"102,42377568759412","38,3598859123357"
273,2024-02-02,2,2,"7,410220598893336","3,079852009362225","1135,9571843019864","585,9817824512013","74,72222235941557",3,"51,58484761124782","71,23136812285749"
274,2024-02-03,6,3,"7,798505360769586","4,964832482078281","1220,0143836835127","1061,4733922089158","69,75931601818428",0,"87,00498997430472","54,65601308773236"
275,2024-02-04,7,9,"9,276427530407704","4,332352815393698","1004,1638050965124","906,5909108635062","158,89698649779433",2,"90,28316956478749","116,76063722111395"
276,2024-02-05,4,7,"7,600603929421323","5,645698157538537","1286,4873202885797","1027,9476168579267","172,66779947854178",2,"79,90343943905656","130,3516999272742"
277,2024-02-06,7,4,"18,451481369396376","7,557808175273306","1402,0856780324432","651,212786970377","82,02670494660079",0,"46,44600520306495","31,537464645362164"
278,2024-02-07,3,10,"6,203506184924633","6,1280046804717525","1345,8956922253449","1163,186370449764","125,87790394277437",0,"86,42470417053762","102,07824922410929"
279,2024-02-08,3,5,"12,86767084355382","2,504582650135297","827,73317774385","1276,517369788906","176,10545420168",3,"154,21846122784467","114,56059729562608"
280,2024-02-09,1,2,"11,155952404844925","1,2182819454289926","1136,3548630804803","695,0658200816981","159,9202317149376",3,"61,16626440067176","129,2364660213483"
281,2024-02-10,7,11,"19,73567925362909","2,8358483100987755","873,4511248927224","586,1430999681455","131,33558082377726",0,"67,10657107919299","58,18639454195901"
282,2024-02-11,6,8,"6,680583532520785","5,165545514901784","969,4315111037693","521,2747274417028","138,55215356881592",0,"53,77117635140548","116,95985499918348"
283,2024-02-12,5,4,"10,967833985686124","1,3599806943897526","1490,6638152870023","1077,7743503989395","126,254082037442",0,"72,30163765606882","102,41400062696668"
284,2024-02-13,4,9,"19,54205649913053","4,474563730408654","899,7468800310593","1046,3846324799028","94,6322676978231",0,"116,29766723323138","39,40282470779563"
285,2024-02-14,2,5,"17,982606888409705","5,177899942418224","1149,2217074159494","992,027671442663","134,75329892885242",1,"86,32169624373519","58,18236185983989"
286,2024-02-15,6,9,"17,256081064239197","3,3397072357187256","1232,7090140226833","708,7523865043779","153,3327953075136",0,"57,49551422452209","74,44861690864576"
287,2024-02-16,6,4,"8,868542405674098","6,396385426220753","1291,725479380873","851,8153963149632","180,9984373791212",3,"65,94399583441216","118,5714334010406"
288,2024-02-17,3,10,"7,563313810850987","1,7461877719364027","1191,7540784408395","1035,0287016675557","145,4437030968872",2,"86,84918477658357","156,23146073233642"
289,2024-02-18,7,5,"15,029648298866466","1,525964472150661","806,8395931934285","947,0901729732524","164,1682305564737",1,"117,38270914850864","99,161675757404"
290,2024-02-19,1,9,"18,94063983691379","6,097321293425224","1028,5229157707945","1389,0069681933987","74,01074524318595",0,"135,04871373259107","29,559413746954665"
291,2024-02-20,1,8,"13,351443395208946","4,468439213443389","1162,398150369298","622,7957773010598","119,23362116296848",2,"53,57852445852528","66,91044143302905"
292,2024-02-21,4,3,"13,574190342048498","5,818816774994152","861,5065494013834","1125,6300986428344","51,399742974064",1,"130,6583332912532","26,504266545075264"
293,2024-02-22,3,1,"9,199686404904265","4,043791370226224","1045,4388518464266","863,8868912938628","87,00182967824345",2,"82,63389960762302","65,69409573187903"
294,2024-02-23,6,3,"16,542393997879053","2,724814232673748","823,2421761539566","885,3796534330534","158,9692572669507",0,"107,54789769996869","82,50767592518498"
295,2024-02-24,5,4,"7,80565622836285","6,733716223719398","855,0049480085145","1145,8379890923586","198,7714927024045",0,"134,015363508861","136,71256676139248"
296,2024-02-25,3,2,"9,855188546063657","6,595911152782855","1077,8462933411172","1123,1925361919327","64,87671493808239",3,"104,20711590613269","39,43609614294132"
297,2024-02-26,4,1,"11,381546579246251","5,862875295980987","892,9010278301422","1392,1303943319697","110,22414737919324",0,"155,91094096005412","63,91872582144234"
298,2024-02-27,4,7,"12,614155680266826","2,905015960609739","1197,2785937830906","615,5548605087127","170,01064530487392",0,"51,41283438165537","109,54878858165092"
299,2024-02-28,3,8,"8,636145986226204","5,13161466808361","1282,625478396086","593,6986844457497","80,60534519433483",1,"46,28776633910046","58,54644572797858"
300,2024-02-29,4,7,"6,722552371088053","3,526817278580188","1360,410689376358","1151,904935415867","133,26274239534294",3,"84,67332287310425","130,0204275485922"
